{
  "Accuracy": 0.85,
  "Precision": 0.88,
  "Recall": 0.7857142857142857,
  "F1": 0.8301886792452831
}