{
  "MAE": 4181.194473753658,
  "R2": 0.7835929767120723
}